first_name,last_name,email,gender,car
Benetta,Cancott,bcancott0@studiopress.com,Female,Scion
Lilyan,Cherry,lcherry1@deliciousdays.com,Female,Chrysler
Ezekiel,Benasik,ebenasik2@wikia.com,Male,Mercedes-Benz
Kennedy,Atlay,katlay3@so-net.ne.jp,Male,Buick
Sanford,Salmen,ssalmen4@reuters.com,Male,Lincoln
Ricki,Sheach,rsheach5@nytimes.com,Female,Chevrolet
Haroun,Cockitt,hcockitt6@senate.gov,Male,Audi
Tuesday,Bortolozzi,tbortolozzi7@bbb.org,Female,Ford
Liz,Eplate,leplate8@parallels.com,Female,Mazda
Rina,Dwelley,rdwelley9@lycos.com,Female,Geo
Giacinta,Ronaldson,gronaldsona@examiner.com,Female,Mercedes-Benz
Shelbi,Muir,smuirb@google.co.jp,Female,Volvo
Pancho,Ridings,pridingsc@booking.com,Male,Subaru
Sharl,Manley,smanleyd@lycos.com,Female,Suzuki
Quintus,Willoughway,qwilloughwaye@t.co,Male,Acura
Tamara,Greguol,tgreguolf@fotki.com,Female,Chevrolet
Janeva,Dives,jdivesg@dyndns.org,Female,Dodge
Tades,Yeoland,tyeolandh@dion.ne.jp,Male,Porsche
Maxim,Wilsey,mwilseyi@pcworld.com,Male,Subaru
Melicent,Clapston,mclapstonj@phpbb.com,Female,Honda
Tedmund,Amerighi,tamerighik@businesswire.com,Male,Mitsubishi
Lenna,Foynes,lfoynesl@oaic.gov.au,Female,Chrysler
Toddy,Batrim,tbatrimm@themeforest.net,Male,GMC
Raoul,Rees,rreesn@ca.gov,Male,Saturn
Aurilia,McSorley,amcsorleyo@purevolume.com,Female,Bentley
Valerie,Boncore,vboncorep@vkontakte.ru,Female,Mercedes-Benz
Fiorenze,MacAdie,fmacadieq@homestead.com,Female,Jeep
Nicky,Andrin,nandrinr@csmonitor.com,Male,Ford
Adrea,Guillet,aguillets@parallels.com,Female,Ford
Ame,Gherardini,agherardinit@opensource.org,Female,Lexus
Ruggiero,Kunrad,rkunradu@apache.org,Male,Jaguar
Reuben,Jeandet,rjeandetv@ibm.com,Male,BMW
Tandi,Barlass,tbarlassw@constantcontact.com,Female,Lincoln
Brynne,Beardmore,bbeardmorex@tripod.com,Female,Suzuki
Wolfie,Bassilashvili,wbassilashviliy@networkadvertising.org,Male,Mercury
Merrick,Crowcombe,mcrowcombez@phoca.cz,Male,Volkswagen
Langston,Lowre,llowre10@mayoclinic.com,Male,Honda
Cordey,Tebbit,ctebbit11@google.com,Female,Lincoln
Leticia,Trumble,ltrumble12@angelfire.com,Female,Nissan
Derwin,Scocroft,dscocroft13@wunderground.com,Male,Saab
Emlynne,Guirard,eguirard14@goo.gl,Female,BMW
Archibald,Rennick,arennick15@loc.gov,Male,Dodge
Emmery,Andrusyak,eandrusyak16@ucla.edu,Male,Hyundai
Pattie,Revie,previe17@mit.edu,Female,Porsche
Dukey,Caudrelier,dcaudrelier18@jigsy.com,Male,Dodge
Brittney,Rubinchik,brubinchik19@reverbnation.com,Female,Plymouth
Clarinda,Jeannenet,cjeannenet1a@people.com.cn,Female,Pontiac
Sonja,Jarrelt,sjarrelt1b@cbslocal.com,Female,Suzuki
Alwyn,Duggon,aduggon1c@unblog.fr,Male,Mazda
Dunstan,Muehler,dmuehler1d@yolasite.com,Male,Mercury
Ambrosius,Symcock,asymcock1e@spotify.com,Male,Pontiac
Tymon,Blew,tblew1f@uol.com.br,Male,Volvo
Vail,Cram,vcram1g@about.me,Male,Lincoln
Kean,Balfour,kbalfour1h@nsw.gov.au,Male,Lincoln
Hall,Giacometti,hgiacometti1i@wp.com,Male,Chevrolet
Haley,Berling,hberling1j@amazon.com,Male,Saab
Glori,Graysmark,ggraysmark1k@mayoclinic.com,Female,GMC
Gabi,Newbury,gnewbury1l@fda.gov,Female,Volkswagen
Kerstin,Collis,kcollis1m@cnet.com,Female,Audi
Aylmer,Burgiss,aburgiss1n@pen.io,Male,Hyundai
Rebeka,McVeighty,rmcveighty1o@google.pl,Female,GMC
Ulrike,St Ledger,ustledger1p@posterous.com,Female,Ford
Kristal,Kalkhoven,kkalkhoven1q@europa.eu,Female,Oldsmobile
Saxe,Lombard,slombard1r@techcrunch.com,Male,Dodge
Cherida,Escolme,cescolme1s@is.gd,Female,Lamborghini
Dalston,Chin,dchin1t@abc.net.au,Male,Infiniti
Jim,Pelfer,jpelfer1u@house.gov,Male,Mazda
Nertie,Greguoli,ngreguoli1v@friendfeed.com,Female,Dodge
Fonz,Rubartelli,frubartelli1w@facebook.com,Male,Jeep
Homerus,D'Hooge,hdhooge1x@hibu.com,Male,GMC
Faber,Gossop,fgossop1y@eventbrite.com,Male,Nissan
Tonie,Purse,tpurse1z@usda.gov,Female,Toyota
Cristine,Fleet,cfleet20@jimdo.com,Female,Toyota
Artair,Sugar,asugar21@europa.eu,Male,Toyota
Zolly,Dilnot,zdilnot22@springer.com,Male,Lotus
Teodorico,Restall,trestall23@squarespace.com,Male,Mitsubishi
Geri,Ovise,govise24@dailymail.co.uk,Male,Lexus
Tate,Scrogges,tscrogges25@bloomberg.com,Male,Suzuki
Ginnie,Larcombe,glarcombe26@baidu.com,Female,Mercedes-Benz
Celie,Loan,cloan27@wordpress.com,Female,Cadillac
Euell,Chaster,echaster28@ebay.com,Male,Saturn
Letti,Zupa,lzupa29@g.co,Female,GMC
Lucian,Grayling,lgrayling2a@tripadvisor.com,Male,Dodge
Nickolas,Solloway,nsolloway2b@yellowbook.com,Male,Nissan
Adore,D'Oyley,adoyley2c@blogs.com,Female,Chevrolet
Kipper,Scaplehorn,kscaplehorn2d@wikimedia.org,Male,Maybach
Millisent,Boni,mboni2e@sfgate.com,Female,Volvo
Filip,Dougill,fdougill2f@vkontakte.ru,Male,Mitsubishi
Melonie,Vineall,mvineall2g@wp.com,Female,MINI
Cale,Rosenberg,crosenberg2h@photobucket.com,Male,Mitsubishi
Rheta,Fenn,rfenn2i@blog.com,Female,Volkswagen
Hilary,Minear,hminear2j@etsy.com,Female,Mercury
Constantina,Lockley,clockley2k@domainmarket.com,Female,Hyundai
Katrine,Frankcombe,kfrankcombe2l@wunderground.com,Female,Toyota
Jarrid,MacKain,jmackain2m@lycos.com,Male,Mercedes-Benz
Ned,Alldred,nalldred2n@1und1.de,Male,Volkswagen
Karla,Oakwood,koakwood2o@g.co,Female,Hyundai
Say,Peatman,speatman2p@addthis.com,Male,Lamborghini
Morse,Yann,myann2q@globo.com,Male,Saab
Jennilee,Bigly,jbigly2r@fc2.com,Female,Lotus
Abel,Ramey,aramey2s@newsvine.com,Male,Eagle
Isabel,Cooch,icooch2t@yellowbook.com,Female,Dodge
Sarine,Richold,srichold2u@histats.com,Female,Mercedes-Benz
Harp,Delepine,hdelepine2v@acquirethisname.com,Male,Maybach
Waldo,Bows,wbows2w@yahoo.com,Male,Ford
Gene,Yter,gyter2x@163.com,Female,Honda
Lelia,Fryman,lfryman2y@apple.com,Female,Ford
Hyacinthia,Sincock,hsincock2z@weebly.com,Female,Morgan
Aylmer,Vayne,avayne30@drupal.org,Male,Nissan
Justin,Gettone,jgettone31@kickstarter.com,Male,Pontiac
Stefania,Gorghetto,sgorghetto32@skyrock.com,Female,GMC
Leigh,Ferriman,lferriman33@scribd.com,Female,Chrysler
Waverly,Huggin,whuggin34@woothemes.com,Male,Pontiac
Cesare,Vink,cvink35@mozilla.com,Male,Dodge
Tracey,Hendin,thendin36@ihg.com,Female,Ford
Stinky,Webborn,swebborn37@hhs.gov,Male,Toyota
Trudey,Tosspell,ttosspell38@guardian.co.uk,Female,Toyota
Boy,Szymonowicz,bszymonowicz39@telegraph.co.uk,Male,Maybach
Torre,Kubala,tkubala3a@dyndns.org,Male,Chevrolet
Jenica,Ratazzi,jratazzi3b@fema.gov,Female,Honda
Tannie,Torbard,ttorbard3c@reference.com,Male,Honda
Teador,Ditchett,tditchett3d@indiegogo.com,Male,Mitsubishi
Agathe,Gumery,agumery3e@gmpg.org,Female,Pontiac
Cos,Wyke,cwyke3f@booking.com,Male,Buick
Dunc,Klein,dklein3g@qq.com,Male,Volkswagen
Cristal,Kuna,ckuna3h@stanford.edu,Female,Mitsubishi
Philly,Loughhead,ploughhead3i@51.la,Female,Nissan
Gerrie,Honywill,ghonywill3j@123-reg.co.uk,Male,Pontiac
Gregory,Hurleston,ghurleston3k@fema.gov,Male,Chevrolet
Emelen,Manderson,emanderson3l@gov.uk,Male,Pontiac
Iggie,Dumbell,idumbell3m@weebly.com,Male,Land Rover
Antonia,Parman,aparman3n@eepurl.com,Female,Lexus
Curtis,Cristou,ccristou3o@dot.gov,Male,Pontiac
Teodora,Borgesio,tborgesio3p@seesaa.net,Female,Land Rover
Trudy,Rodenburg,trodenburg3q@nps.gov,Female,Chevrolet
Elvina,Ismay,eismay3r@dedecms.com,Female,Porsche
Hilde,Pocknoll,hpocknoll3s@state.gov,Female,Infiniti
Nathalie,Hawgood,nhawgood3t@prweb.com,Female,Acura
Berry,Brambill,bbrambill3u@addtoany.com,Female,Toyota
Elita,Domelow,edomelow3v@businesswire.com,Female,Ford
Elyse,Bound,ebound3w@earthlink.net,Female,Plymouth
Ancell,Norwood,anorwood3x@nyu.edu,Male,Aptera
Adlai,Langmead,alangmead3y@w3.org,Male,Daewoo
Stearn,Spridgen,sspridgen3z@e-recht24.de,Male,Dodge
Ibrahim,Haestier,ihaestier40@usatoday.com,Male,Hyundai
Claudianus,Edmonds,cedmonds41@ucla.edu,Male,Lexus
Dorey,Creboe,dcreboe42@biglobe.ne.jp,Male,Chrysler
Leontyne,Borell,lborell43@google.de,Female,Mazda
Ruthi,Aked,raked44@linkedin.com,Female,Chevrolet
Andros,Grigolashvill,agrigolashvill45@opensource.org,Male,Ford
Alysia,Roscoe,aroscoe46@typepad.com,Female,Mercedes-Benz
Erika,Hoble,ehoble47@yahoo.com,Female,Chevrolet
Noland,Tillard,ntillard48@istockphoto.com,Male,Chevrolet
Cirstoforo,Myhill,cmyhill49@amazon.de,Male,Hyundai
Lorine,Pegrum,lpegrum4a@vinaora.com,Female,Toyota
Torie,Davydzenko,tdavydzenko4b@bbc.co.uk,Female,Ford
Anson,Daykin,adaykin4c@netvibes.com,Male,Mercedes-Benz
Kate,Hawtrey,khawtrey4d@cnet.com,Female,Cadillac
Marigold,Mulmuray,mmulmuray4e@purevolume.com,Female,Dodge
Angel,Jellings,ajellings4f@fda.gov,Male,Volkswagen
Hilly,Vosse,hvosse4g@omniture.com,Male,Mercedes-Benz
Keven,Wooster,kwooster4h@cbsnews.com,Male,Dodge
Nada,Marmion,nmarmion4i@odnoklassniki.ru,Female,Cadillac
Corrie,Dukesbury,cdukesbury4j@gov.uk,Male,Toyota
Sadye,Healings,shealings4k@umn.edu,Female,Ford
Cedric,Kerner,ckerner4l@google.ru,Male,GMC
Burr,Nijs,bnijs4m@wordpress.org,Male,Toyota
Bellanca,Dibbin,bdibbin4n@dedecms.com,Female,Honda
Elysha,D'Ambrogi,edambrogi4o@disqus.com,Female,Jeep
Orton,Aim,oaim4p@state.gov,Male,Land Rover
Samaria,Penner,spenner4q@dion.ne.jp,Female,Chevrolet
Allie,Wittrington,awittrington4r@msn.com,Male,Ford
Andrei,Lownie,alownie4s@constantcontact.com,Female,Chrysler
Micky,Mussen,mmussen4t@shareasale.com,Male,Chrysler
Ulberto,Copcutt,ucopcutt4u@house.gov,Male,BMW
Jennee,Deverick,jdeverick4v@shutterfly.com,Female,Dodge
Puff,Carnachen,pcarnachen4w@ox.ac.uk,Male,Ford
Conchita,Weson,cweson4x@epa.gov,Female,Volkswagen
Morena,Denerley,mdenerley4y@timesonline.co.uk,Female,Subaru
Fredric,Selman,fselman4z@mlb.com,Male,GMC
Rochette,Ammer,rammer50@fema.gov,Female,Mercury
Rice,Bastistini,rbastistini51@github.com,Male,Audi
Nap,Cave,ncave52@domainmarket.com,Male,GMC
Lizette,Scholefield,lscholefield53@uol.com.br,Female,Plymouth
Hillel,Maymond,hmaymond54@addtoany.com,Male,Lincoln
Angelique,Willan,awillan55@indiatimes.com,Female,Volvo
Darda,Soots,dsoots56@google.es,Female,Chrysler
Baudoin,Crumby,bcrumby57@networkadvertising.org,Male,Nissan
Englebert,Swanton,eswanton58@google.fr,Male,Mercury
Errick,Pearsall,epearsall59@sohu.com,Male,Chevrolet
Morris,Andrews,mandrews5a@seattletimes.com,Male,Dodge
Stevena,Burril,sburril5b@cnn.com,Female,Plymouth
Augie,Reedy,areedy5c@scribd.com,Male,GMC
Hank,Writer,hwriter5d@huffingtonpost.com,Male,Audi
Ario,Lambol,alambol5e@cbslocal.com,Male,Toyota
Davis,Wreiford,dwreiford5f@tiny.cc,Male,Land Rover
Griselda,Housaman,ghousaman5g@wordpress.org,Female,Lincoln
Mariska,Nalder,mnalder5h@miitbeian.gov.cn,Female,BMW
Charity,Abbate,cabbate5i@last.fm,Female,Honda
Marijn,Blomfield,mblomfield5j@live.com,Male,Mazda
Merrilee,Cadney,mcadney5k@bluehost.com,Female,Volkswagen
Gilbertine,Linebarger,glinebarger5l@hp.com,Female,Infiniti
Che,Wyndham,cwyndham5m@cbc.ca,Male,GMC
Conney,Mazillius,cmazillius5n@google.co.uk,Male,Plymouth
Saxe,Ebenezer,sebenezer5o@toplist.cz,Male,Mercury
Towney,Mawdsley,tmawdsley5p@bluehost.com,Male,Chevrolet
Jeffy,Tufts,jtufts5q@marriott.com,Male,Chevrolet
Norton,Pender,npender5r@forbes.com,Male,Mercedes-Benz
Ashlee,Rosenhaupt,arosenhaupt5s@sciencedaily.com,Female,Volvo
Lucas,Drewet,ldrewet5t@diigo.com,Male,Isuzu
Haily,Liebmann,hliebmann5u@va.gov,Male,Chevrolet
Gavan,Ronci,gronci5v@yellowbook.com,Male,Toyota
Terri,Elnor,telnor5w@cdc.gov,Male,Dodge
Micheline,Long,mlong5x@jigsy.com,Female,Toyota
Georges,Harvison,gharvison5y@over-blog.com,Male,Ford
Brig,Witcher,bwitcher5z@list-manage.com,Male,Subaru
Sam,Dent,sdent60@disqus.com,Female,Oldsmobile
Skye,Roxburch,sroxburch61@slashdot.org,Male,Mazda
Arman,Parradine,aparradine62@jiathis.com,Male,Lexus
Bran,Witchalls,bwitchalls63@typepad.com,Male,Volkswagen
Tatum,Broadnicke,tbroadnicke64@delicious.com,Female,Chevrolet
Maxwell,Grotty,mgrotty65@nsw.gov.au,Male,Jaguar
Willetta,Di Frisco,wdifrisco66@fotki.com,Female,Dodge
Alysa,Stanners,astanners67@nasa.gov,Female,Volkswagen
Kristan,Ellesworthe,kellesworthe68@joomla.org,Female,Mazda
Carree,Stapforth,cstapforth69@ning.com,Female,Toyota
Grace,Peerman,gpeerman6a@examiner.com,Male,Chevrolet
Robb,Aldwich,raldwich6b@merriam-webster.com,Male,Isuzu
Leanora,MacAlpyne,lmacalpyne6c@baidu.com,Female,Chevrolet
Hakim,Harvett,hharvett6d@diigo.com,Male,Toyota
Walt,Myring,wmyring6e@aboutads.info,Male,Pontiac
Bear,Mewrcik,bmewrcik6f@ycombinator.com,Male,Chevrolet
Kristofer,Scripture,kscripture6g@bloglines.com,Male,Cadillac
Debbi,Lalor,dlalor6h@foxnews.com,Female,Ford
Arline,Cutill,acutill6i@example.com,Female,Volvo
Orbadiah,Forsaith,oforsaith6j@ucsd.edu,Male,Subaru
Scot,Turban,sturban6k@drupal.org,Male,Cadillac
Suzi,Pauleau,spauleau6l@fastcompany.com,Female,Chevrolet
Denny,Ghidelli,dghidelli6m@fda.gov,Male,Dodge
Hallsy,Macvey,hmacvey6n@chicagotribune.com,Male,Infiniti
Rey,Morgen,rmorgen6o@ifeng.com,Female,Ferrari
Angelo,McCarter,amccarter6p@google.co.uk,Male,Plymouth
Dallas,Dudgeon,ddudgeon6q@blinklist.com,Male,Ford
Osbourne,Yaakov,oyaakov6r@woothemes.com,Male,Suzuki
Noami,Danelet,ndanelet6s@nytimes.com,Female,Toyota
Paddy,Skoughman,pskoughman6t@google.co.uk,Male,Ford
Mendel,Mcsarry,mmcsarry6u@oaic.gov.au,Male,Buick
Karine,Starmont,kstarmont6v@lycos.com,Female,Maybach
Allin,McGuigan,amcguigan6w@ning.com,Male,Chevrolet
Bryan,McAndie,bmcandie6x@mail.ru,Male,Ford
Fax,Grigoliis,fgrigoliis6y@digg.com,Male,Dodge
Helen-elizabeth,Lope,hlope6z@elegantthemes.com,Female,Infiniti
Joey,MacHostie,jmachostie70@posterous.com,Male,Nissan
Nissa,Harken,nharken71@smh.com.au,Female,Mazda
Alyson,Elwood,aelwood72@google.co.jp,Female,Toyota
Ignacius,Towey,itowey73@cam.ac.uk,Male,Pontiac
Nicolea,Blesli,nblesli74@go.com,Female,Acura
Shea,Avo,savo75@prnewswire.com,Female,Nissan
Christophe,Sparks,csparks76@kickstarter.com,Male,Suzuki
Patrica,Spinella,pspinella77@prweb.com,Female,Chevrolet
Ethel,Flanders,eflanders78@berkeley.edu,Female,BMW
Boothe,Nardi,bnardi79@google.cn,Male,Ford
Laurens,Moat,lmoat7a@soup.io,Male,Ford
Pepillo,Matyushenko,pmatyushenko7b@i2i.jp,Male,Pontiac
Hall,Rumin,hrumin7c@paypal.com,Male,Lincoln
Manya,Hamley,mhamley7d@geocities.com,Female,Jeep
Allen,Stonier,astonier7e@cisco.com,Male,Chevrolet
Ramsay,Arunowicz,rarunowicz7f@rambler.ru,Male,Volkswagen
Brinn,Davydoch,bdavydoch7g@cnbc.com,Female,Porsche
Laure,Jeannequin,ljeannequin7h@studiopress.com,Female,Mazda
Suellen,Baynom,sbaynom7i@va.gov,Female,BMW
Lorri,McCarroll,lmccarroll7j@twitpic.com,Female,Subaru
Miller,Naismith,mnaismith7k@wordpress.org,Male,Subaru
Rhiamon,Hember,rhember7l@altervista.org,Female,Buick
Chickie,Slater,cslater7m@archive.org,Male,Ford
Birk,Jebb,bjebb7n@themeforest.net,Male,Chevrolet
Sapphira,Dik,sdik7o@abc.net.au,Female,Mazda
Dick,Yarnall,dyarnall7p@sciencedirect.com,Male,Hyundai
Marion,Tembridge,mtembridge7q@va.gov,Male,Dodge
Karna,Antognoni,kantognoni7r@mapy.cz,Female,Hyundai
Clo,Lowres,clowres7s@slashdot.org,Female,Hyundai
Aymer,Coorington,acoorington7t@cnet.com,Male,Buick
Mayer,Davidovich,mdavidovich7u@example.com,Male,Mercury
Cecilius,Bartoszewicz,cbartoszewicz7v@gizmodo.com,Male,Oldsmobile
Brittani,Lavies,blavies7w@economist.com,Female,Dodge
Dacia,McCumesky,dmccumesky7x@independent.co.uk,Female,Acura
Hubert,Rustman,hrustman7y@seesaa.net,Male,Volvo
Humfrid,Smorthit,hsmorthit7z@imgur.com,Male,Alfa Romeo
Haslett,Astin,hastin80@mysql.com,Male,Oldsmobile
Martie,Pach,mpach81@deviantart.com,Male,Chevrolet
Van,Cawdron,vcawdron82@phpbb.com,Female,Audi
Rafaelita,Frondt,rfrondt83@oakley.com,Female,Toyota
Ancell,Strick,astrick84@wp.com,Male,Hummer
Mariellen,Rowlatt,mrowlatt85@bloglovin.com,Female,Suzuki
Cecilius,Lakes,clakes86@nhs.uk,Male,Volvo
Craig,McGookin,cmcgookin87@free.fr,Male,Saab
Donelle,Bavidge,dbavidge88@discovery.com,Female,Subaru
Phillida,Muselli,pmuselli89@opensource.org,Female,Dodge
Bobbette,Gwalter,bgwalter8a@businesswire.com,Female,Pontiac
Murvyn,Leathlay,mleathlay8b@mayoclinic.com,Male,Buick
Peggi,Peet,ppeet8c@github.io,Female,Chevrolet
Didi,Siggee,dsiggee8d@github.com,Female,Infiniti
Dion,Wrout,dwrout8e@usda.gov,Female,Mazda
Abey,Motion,amotion8f@gmpg.org,Male,Dodge
Hillary,Copping,hcopping8g@cmu.edu,Female,Dodge
Niccolo,Barrowclough,nbarrowclough8h@usatoday.com,Male,Mercury
Dionisio,Zylbermann,dzylbermann8i@cnbc.com,Male,GMC
Sloane,Bamlet,sbamlet8j@jimdo.com,Male,Cadillac
Hughie,Sanney,hsanney8k@zimbio.com,Male,Mercury
Harlen,Bryenton,hbryenton8l@abc.net.au,Male,Infiniti
Ashely,Fendley,afendley8m@addtoany.com,Female,Pontiac
Umeko,Kalkofen,ukalkofen8n@bbc.co.uk,Female,BMW
Grayce,Foster,gfoster8o@theatlantic.com,Female,Subaru
Griffie,Kahane,gkahane8p@vimeo.com,Male,Ford
Marvin,Pennini,mpennini8q@twitter.com,Male,Mitsubishi
Emelina,Yanshinov,eyanshinov8r@example.com,Female,Mercedes-Benz
Odetta,Meriel,omeriel8s@nsw.gov.au,Female,Buick
Thedric,Bottom,tbottom8t@amazon.com,Male,Subaru
Lyon,Debenham,ldebenham8u@storify.com,Male,Volvo
Gusty,Lanceter,glanceter8v@sogou.com,Female,Chrysler
Knox,Entwhistle,kentwhistle8w@ftc.gov,Male,Honda
Alana,Hamal,ahamal8x@tmall.com,Female,GMC
Elie,Kennsley,ekennsley8y@unicef.org,Female,Lexus
Wainwright,Eisak,weisak8z@wiley.com,Male,Acura
Bernadette,Camilio,bcamilio90@disqus.com,Female,Mitsubishi
Vere,Hargerie,vhargerie91@devhub.com,Female,Volvo
Betteann,Dallender,bdallender92@who.int,Female,Chevrolet
Tori,McKeowon,tmckeowon93@de.vu,Female,Mazda
Annabell,Griffen,agriffen94@bing.com,Female,Ford
Tann,Bonhomme,tbonhomme95@phpbb.com,Male,Mercedes-Benz
Moishe,Red,mred96@ocn.ne.jp,Male,Mitsubishi
Kerr,Kitchinghan,kkitchinghan97@gnu.org,Male,Lexus
Normand,Rycroft,nrycroft98@cdbaby.com,Male,Jaguar
Corrianne,de Mullett,cdemullett99@virginia.edu,Female,Ford
Norby,Kensit,nkensit9a@rediff.com,Male,Lexus
Burton,Fergyson,bfergyson9b@state.gov,Male,Honda
Chalmers,Scutts,cscutts9c@elegantthemes.com,Male,Acura
Putnam,Brunelli,pbrunelli9d@goo.gl,Male,Porsche
Pierre,Geldart,pgeldart9e@typepad.com,Male,Saab
Pasquale,Ballsdon,pballsdon9f@ucoz.ru,Male,Lamborghini
Roman,Scipsey,rscipsey9g@wsj.com,Male,Dodge
Millisent,Fredi,mfredi9h@cnet.com,Female,Nissan
Angeli,Borles,aborles9i@51.la,Male,Toyota
Mitchell,Cayette,mcayette9j@reuters.com,Male,Toyota
Waldo,Worvell,wworvell9k@mapquest.com,Male,Subaru
Christy,Daskiewicz,cdaskiewicz9l@miitbeian.gov.cn,Male,BMW
Babette,Cowper,bcowper9m@cbslocal.com,Female,Acura
Janelle,Begg,jbegg9n@google.co.jp,Female,Mitsubishi
Mersey,Hanne,mhanne9o@blogger.com,Female,Dodge
Torrey,Braney,tbraney9p@comsenz.com,Male,Honda
Farr,Eakle,feakle9q@weather.com,Male,Nissan
Stern,Pothergill,spothergill9r@senate.gov,Male,Toyota
Lorrie,Barabisch,lbarabisch9s@digg.com,Female,Bentley
Dan,Sautter,dsautter9t@webmd.com,Male,GMC
Callie,Jowle,cjowle9u@mashable.com,Female,Suzuki
Manda,Wingeat,mwingeat9v@arizona.edu,Female,Mercedes-Benz
Brendin,Espinel,bespinel9w@yandex.ru,Male,Mitsubishi
Heath,Silliman,hsilliman9x@woothemes.com,Female,Honda
Gray,Huster,ghuster9y@behance.net,Male,Land Rover
Conroy,Hibling,chibling9z@over-blog.com,Male,Chevrolet
Dun,Whiteford,dwhiteforda0@feedburner.com,Male,Toyota
Nichole,McOwen,nmcowena1@ox.ac.uk,Female,Scion
Culver,Husband,chusbanda2@marketwatch.com,Male,Lexus
Maryann,Comer,mcomera3@epa.gov,Female,Subaru
Ricard,Spores,rsporesa4@senate.gov,Male,Volkswagen
Howey,Steven,hstevena5@clickbank.net,Male,Lexus
Keely,Lemmens,klemmensa6@whitehouse.gov,Female,Dodge
Drusilla,Keppie,dkeppiea7@ezinearticles.com,Female,Volkswagen
Dot,Turgoose,dturgoosea8@foxnews.com,Female,Chevrolet
Urbanus,Stoeck,ustoecka9@ezinearticles.com,Male,Audi
Randal,Bozier,rbozieraa@multiply.com,Male,Eagle
Alard,Whinray,awhinrayab@1688.com,Male,Volkswagen
Patrick,Banner,pbannerac@bandcamp.com,Male,Hyundai
Gene,Meth,gmethad@instagram.com,Male,Acura
Darcee,Thebeau,dthebeauae@surveymonkey.com,Female,Toyota
Arri,Ingledow,aingledowaf@nps.gov,Male,Volkswagen
Grove,Lindup,glindupag@businesswire.com,Male,Lotus
Ronni,Thoumas,rthoumasah@edublogs.org,Female,Volkswagen
Miner,Haddington,mhaddingtonai@slideshare.net,Male,Pontiac
Freddy,Skoyles,fskoylesaj@discovery.com,Male,Ford
Pru,Spileman,pspilemanak@paginegialle.it,Female,GMC
Randolf,Diwell,rdiwellal@over-blog.com,Male,Mazda
Joane,Ellcome,jellcomeam@imageshack.us,Female,Hyundai
Carie,Peile,cpeilean@slate.com,Female,Hyundai
Terrence,McMorland,tmcmorlandao@hatena.ne.jp,Male,Ford
Lauree,Kalderon,lkalderonap@apache.org,Female,Mazda
Darin,Finlry,dfinlryaq@jugem.jp,Male,Volkswagen
Durward,Mead,dmeadar@edublogs.org,Male,GMC
Rowland,Dudbridge,rdudbridgeas@fotki.com,Male,Volkswagen
Kilian,Lomasny,klomasnyat@tumblr.com,Male,Kia
Eddie,Hartus,ehartusau@toplist.cz,Male,Ford
Glynn,Bagnal,gbagnalav@geocities.com,Male,Toyota
Lorrie,Gilbey,lgilbeyaw@wikia.com,Female,Land Rover
Celestyn,Kem,ckemax@independent.co.uk,Female,Nissan
Sandor,Satterley,ssatterleyay@usgs.gov,Male,Mazda
Irina,Hannam,ihannamaz@loc.gov,Female,Mercedes-Benz
Boone,Padula,bpadulab0@themeforest.net,Male,BMW
Ludovika,Scottrell,lscottrellb1@ca.gov,Female,Chrysler
Georgi,Ivashchenko,givashchenkob2@diigo.com,Male,Volkswagen
Abbe,Samart,asamartb3@flickr.com,Female,Chevrolet
Wade,Petrina,wpetrinab4@photobucket.com,Male,Chevrolet
Lon,Pallister,lpallisterb5@plala.or.jp,Male,Chrysler
Terencio,Willimot,twillimotb6@seesaa.net,Male,Mercedes-Benz
Arlan,Shoppee,ashoppeeb7@ucsd.edu,Male,Dodge
Elga,Soppeth,esoppethb8@youtu.be,Female,Tesla
Zelma,Tuckwood,ztuckwoodb9@jugem.jp,Female,Nissan
Melody,Stoakley,mstoakleyba@e-recht24.de,Female,Mitsubishi
David,Elsdon,delsdonbb@opensource.org,Male,Subaru
Vanda,Stacey,vstaceybc@princeton.edu,Female,Ford
Rickert,Cockram,rcockrambd@shareasale.com,Male,Pontiac
Gibb,Hamner,ghamnerbe@goodreads.com,Male,Infiniti
Helen,Holdin,hholdinbf@jiathis.com,Female,Land Rover
Steffane,McVeigh,smcveighbg@macromedia.com,Female,BMW
Frederic,Scahill,fscahillbh@stumbleupon.com,Male,Ford
Haven,Dellenbach,hdellenbachbi@meetup.com,Male,Jeep
Carling,Gonnard,cgonnardbj@vkontakte.ru,Male,Ford
Boycie,Wylam,bwylambk@buzzfeed.com,Male,Daewoo
Lilas,Impleton,limpletonbl@naver.com,Female,Subaru
Morlee,Breckon,mbreckonbm@wix.com,Male,Infiniti
Avram,Vaskov,avaskovbn@paginegialle.it,Male,Saab
Muffin,Lubbock,mlubbockbo@acquirethisname.com,Female,Mercedes-Benz
Bonnie,MacColl,bmaccollbp@typepad.com,Female,Subaru
Engelbert,Vargas,evargasbq@naver.com,Male,Chevrolet
Lamont,Bottby,lbottbybr@deviantart.com,Male,Chevrolet
Robinette,Alp,ralpbs@wikipedia.org,Female,Ford
Gearard,Onions,gonionsbt@skype.com,Male,Suzuki
Mile,Goggan,mgogganbu@state.tx.us,Male,Nissan
Cary,Ewdale,cewdalebv@ted.com,Female,Chevrolet
Lula,Barke,lbarkebw@businessinsider.com,Female,Chevrolet
Nanine,Izod,nizodbx@mac.com,Female,Lexus
Cherida,Walhedd,cwalheddby@google.ru,Female,Mitsubishi
Norry,Kittless,nkittlessbz@usnews.com,Male,Suzuki
Sigismondo,Dumingos,sdumingosc0@tripod.com,Male,Bentley
Ashly,Beddis,abeddisc1@symantec.com,Female,Saab
Daven,Calvert,dcalvertc2@php.net,Male,Dodge
Mickie,Chadwen,mchadwenc3@hud.gov,Male,Dodge
Roman,Veneur,rveneurc4@google.fr,Male,GMC
Stephan,Purcer,spurcerc5@networksolutions.com,Male,Mazda
Ardis,Letixier,aletixierc6@gov.uk,Female,Pontiac
Lexie,Taggett,ltaggettc7@archive.org,Female,Cadillac
Golda,Ganning,gganningc8@istockphoto.com,Female,Bentley
Saunders,Wells,swellsc9@yandex.ru,Male,Audi
Jelene,Walkley,jwalkleyca@usgs.gov,Female,Ford
Linell,Iwanowski,liwanowskicb@sourceforge.net,Female,Mercedes-Benz
Gayelord,Heine,gheinecc@nih.gov,Male,Chevrolet
Costa,Batterton,cbattertoncd@independent.co.uk,Male,Chevrolet
Thoma,Hirschmann,thirschmannce@meetup.com,Male,Land Rover
Natka,Paddle,npaddlecf@naver.com,Female,BMW
Darius,Longcaster,dlongcastercg@desdev.cn,Male,Dodge
Brigitta,Harbisher,bharbisherch@de.vu,Female,Toyota
Rae,Richards,rrichardsci@woothemes.com,Female,Pontiac
Bartholemy,McGoon,bmcgooncj@columbia.edu,Male,Subaru
Murry,Hammant,mhammantck@arizona.edu,Male,Nissan
Evangelin,Brassill,ebrassillcl@businesswire.com,Female,Mitsubishi
Galven,Linskill,glinskillcm@zdnet.com,Male,Toyota
Joice,Kipping,jkippingcn@princeton.edu,Female,Pontiac
Sheffield,Spere,sspereco@hp.com,Male,Volvo
Mychal,Cammish,mcammishcp@army.mil,Male,Chevrolet
Trudey,Bullcock,tbullcockcq@ovh.net,Female,Chevrolet
Gannon,Gane,gganecr@washington.edu,Male,GMC
Donn,Scholtis,dscholtiscs@scribd.com,Male,Mazda
Celestyna,Hauxby,chauxbyct@miitbeian.gov.cn,Female,Pontiac
Evyn,Bayfield,ebayfieldcu@w3.org,Male,Cadillac
Harley,Courage,hcouragecv@noaa.gov,Male,Mercury
Marlow,Betancourt,mbetancourtcw@abc.net.au,Male,Ford
Renelle,Hixley,rhixleycx@biglobe.ne.jp,Female,Lincoln
Keir,Sainter,ksaintercy@reddit.com,Male,Pontiac
Katrine,Marjanski,kmarjanskicz@imgur.com,Female,Infiniti
Mickie,Mallett,mmallettd0@cpanel.net,Female,Nissan
Ring,Gillingham,rgillinghamd1@jigsy.com,Male,Pontiac
Gavrielle,Manlow,gmanlowd2@skyrock.com,Female,Mitsubishi
Rudiger,Janzen,rjanzend3@paginegialle.it,Male,Ford
Erny,Stovin,estovind4@census.gov,Male,Chevrolet
Kinsley,Berkely,kberkelyd5@bloomberg.com,Male,Acura
Morton,Schoffel,mschoffeld6@disqus.com,Male,Toyota
Fanny,Vossgen,fvossgend7@canalblog.com,Female,Dodge
Gayle,Stemp,gstempd8@webnode.com,Female,Pontiac
Elise,Harsnep,eharsnepd9@webs.com,Female,Honda
Bird,Andreev,bandreevda@apache.org,Female,Infiniti
Sandor,Carlson,scarlsondb@ted.com,Male,Chrysler
Siegfried,Allingham,sallinghamdc@wisc.edu,Male,Porsche
Davidson,Stanfield,dstanfielddd@whitehouse.gov,Male,Volkswagen
Keen,Blowfelde,kblowfeldede@oakley.com,Male,Jaguar
Rosaline,Boakes,rboakesdf@patch.com,Female,Kia
Angie,Foxten,afoxtendg@plala.or.jp,Female,Dodge
Carine,Olford,colforddh@bravesites.com,Female,Honda
Shaylynn,Kretschmer,skretschmerdi@senate.gov,Female,Acura
Hoebart,Clemmensen,hclemmensendj@cpanel.net,Male,Nissan
Karine,Vousden,kvousdendk@va.gov,Female,Lincoln
Lyn,Wards,lwardsdl@state.gov,Female,Mitsubishi
Erasmus,Davidavidovics,edavidavidovicsdm@bigcartel.com,Male,Volkswagen
Nilson,Baldick,nbaldickdn@purevolume.com,Male,Mercury
Mercy,Blabey,mblabeydo@psu.edu,Female,Ford
Shane,Brumbye,sbrumbyedp@meetup.com,Male,GMC
Novelia,Reddick,nreddickdq@ow.ly,Female,Cadillac
Winslow,Wallentin,wwallentindr@cnn.com,Male,BMW
Maude,Tomaszewicz,mtomaszewiczds@addtoany.com,Female,Lexus
Stanton,Gooddie,sgooddiedt@npr.org,Male,Honda
Emiline,Bertomeu,ebertomeudu@cdbaby.com,Female,Pontiac
Thaddeus,Pizzey,tpizzeydv@ucoz.ru,Male,Mercedes-Benz
Reginauld,Gartenfeld,rgartenfelddw@live.com,Male,Nissan
Harald,Pieracci,hpieraccidx@elegantthemes.com,Male,Ram
Engelbert,Pascho,epaschody@cloudflare.com,Male,Chevrolet
Starlene,Kenningley,skenningleydz@apple.com,Female,Volkswagen
Pierette,Cauley,pcauleye0@dedecms.com,Female,Chevrolet
Ida,Harlin,iharline1@unicef.org,Female,Suzuki
Steffen,Roskruge,sroskrugee2@youtube.com,Male,Infiniti
Weber,Sharrocks,wsharrockse3@csmonitor.com,Male,Ford
Clyde,Leary,clearye4@engadget.com,Male,Lincoln
Marijo,Flecknell,mflecknelle5@opensource.org,Female,Lincoln
Wood,Merryman,wmerrymane6@is.gd,Male,Chrysler
Marieann,Izakof,mizakofe7@irs.gov,Female,Chevrolet
Ericka,Bernard,ebernarde8@telegraph.co.uk,Female,GMC
Janka,Follis,jfollise9@nsw.gov.au,Female,Chevrolet
Liana,Cronkshaw,lcronkshawea@networkadvertising.org,Female,Jaguar
Even,Pawlaczyk,epawlaczykeb@163.com,Male,Lincoln
Finlay,Prestwich,fprestwichec@google.nl,Male,Honda
Howard,Pitway,hpitwayed@newsvine.com,Male,Mazda
Debera,Shapter,dshapteree@cisco.com,Female,Lincoln
Obed,Parradye,oparradyeef@plala.or.jp,Male,Volvo
Hilton,Weafer,hweafereg@mtv.com,Male,BMW
Hermina,Osborne,hosborneeh@sina.com.cn,Female,Jeep
Alexandro,Bernardoux,abernardouxei@facebook.com,Male,Mitsubishi
Herculie,Brookesbie,hbrookesbieej@ameblo.jp,Male,Dodge
Camila,Exon,cexonek@auda.org.au,Female,Ford
Brit,O'Moylane,bomoylaneel@twitpic.com,Male,Mazda
Jermaine,Van Baaren,jvanbaarenem@bravesites.com,Male,GMC
Mervin,Madders,mmaddersen@businessweek.com,Male,Mercedes-Benz
Lorelle,Beavington,lbeavingtoneo@drupal.org,Female,Volkswagen
Laverne,Medforth,lmedforthep@weather.com,Female,Ford
Dudley,Keast,dkeasteq@zdnet.com,Male,Mazda
Verna,McShirrie,vmcshirrieer@netscape.com,Female,Chrysler
Emmaline,Seiler,eseileres@theguardian.com,Female,Chevrolet
Garvy,Alexis,galexiset@disqus.com,Male,Mercedes-Benz
Cody,Daily,cdailyeu@storify.com,Male,Suzuki
Lil,Ellings,lellingsev@weather.com,Female,Hyundai
Alex,Lehrmann,alehrmannew@vkontakte.ru,Male,Cadillac
Cary,Tallman,ctallmanex@reddit.com,Female,Audi
Elvera,Southcoat,esouthcoatey@shop-pro.jp,Female,Honda
Domini,Heersema,dheersemaez@goo.gl,Female,Chevrolet
Jose,Tebboth,jtebbothf0@wordpress.com,Male,Mitsubishi
Lona,Mattheissen,lmattheissenf1@earthlink.net,Female,Dodge
Sibilla,Gribble,sgribblef2@unicef.org,Female,Nissan
Fanni,Hothersall,fhothersallf3@pbs.org,Female,Plymouth
Fanchon,Delmonti,fdelmontif4@wired.com,Female,Chevrolet
Sophey,Dubery,sduberyf5@cisco.com,Female,Toyota
Herc,Lipsett,hlipsettf6@cornell.edu,Male,Toyota
Virginie,Parren,vparrenf7@irs.gov,Female,Mercury
Sollie,Chisholme,schisholmef8@oakley.com,Male,Volvo
Abie,Serrels,aserrelsf9@unicef.org,Male,Dodge
Uriel,Cainey,ucaineyfa@joomla.org,Male,Saab
Ebonee,Runchman,erunchmanfb@hao123.com,Female,Audi
Elli,Skelly,eskellyfc@prnewswire.com,Female,Isuzu
Roseann,Hoult,rhoultfd@umn.edu,Female,Kia
Dyanna,Veldman,dveldmanfe@skype.com,Female,Ford
Callida,Shatliff,cshatliffff@soup.io,Female,Dodge
Thacher,Werlock,twerlockfg@nhs.uk,Male,Nissan
Pedro,Plak,pplakfh@weather.com,Male,Mitsubishi
Evan,Lewcock,elewcockfi@people.com.cn,Male,Dodge
Dniren,Blakemore,dblakemorefj@timesonline.co.uk,Female,Chevrolet
Cornela,Dinse,cdinsefk@bravesites.com,Female,BMW
Ernest,Joss,ejossfl@photobucket.com,Male,Honda
Chad,Smalcombe,csmalcombefm@odnoklassniki.ru,Male,Kia
Angele,McVicar,amcvicarfn@comcast.net,Female,Ford
Claire,Reford,crefordfo@nydailynews.com,Female,Lexus
Sylvester,Thurborn,sthurbornfp@printfriendly.com,Male,Chevrolet
Myrna,Freyne,mfreynefq@furl.net,Female,Audi
Ingmar,Otterwell,iotterwellfr@state.gov,Male,Dodge
Luca,Maghull,lmaghullfs@digg.com,Male,Mercedes-Benz
Nathaniel,Simion,nsimionft@t.co,Male,BMW
Major,Coakley,mcoakleyfu@furl.net,Male,Nissan
Selina,MacMychem,smacmychemfv@ocn.ne.jp,Female,Mitsubishi
Calli,Becker,cbeckerfw@networkadvertising.org,Female,GMC
Marianna,Wordington,mwordingtonfx@oaic.gov.au,Female,Mazda
Salvidor,Ordelt,sordeltfy@thetimes.co.uk,Male,Ford
Ashlie,McGlade,amcgladefz@dedecms.com,Female,Buick
Alejoa,Mowbury,amowburyg0@jiathis.com,Male,Oldsmobile
Courtney,Sergeant,csergeantg1@usatoday.com,Male,GMC
Ber,Legister,blegisterg2@msn.com,Male,Mazda
Barby,Coldbathe,bcoldbatheg3@google.pl,Female,Hyundai
Everard,Burleton,eburletong4@who.int,Male,Dodge
Jaclyn,Caldairou,jcaldairoug5@paypal.com,Female,Mitsubishi
Erastus,O'Tuohy,eotuohyg6@sphinn.com,Male,Mercedes-Benz
Hazlett,Snoddy,hsnoddyg7@npr.org,Male,Mazda
Stanton,Reolfo,sreolfog8@networksolutions.com,Male,Chrysler
Giffer,Hardwich,ghardwichg9@paypal.com,Male,Spyker
Noah,Santer,nsanterga@edublogs.org,Male,Pontiac
Othilia,Timbs,otimbsgb@acquirethisname.com,Female,Pontiac
Keri,Maly,kmalygc@issuu.com,Female,Oldsmobile
Felizio,Eakin,feakingd@blinklist.com,Male,Suzuki
Heloise,Lots,hlotsge@4shared.com,Female,Audi
Hugh,Admans,hadmansgf@blogs.com,Male,Lexus
Jack,Cannell,jcannellgg@pagesperso-orange.fr,Male,Lexus
Gilda,Streat,gstreatgh@walmart.com,Female,Toyota
Nichol,Hursthouse,nhursthousegi@dropbox.com,Female,Subaru
Iris,Danniel,idannielgj@aboutads.info,Female,Acura
Goraud,Blinder,gblindergk@webmd.com,Male,Buick
David,Bowles,dbowlesgl@privacy.gov.au,Male,Panoz
Shandeigh,Mockett,smockettgm@networksolutions.com,Female,Hyundai
Fedora,Sharrard,fsharrardgn@gmpg.org,Female,Volvo
Andrej,MacAdam,amacadamgo@eepurl.com,Male,Porsche
Ferne,Chisholm,fchisholmgp@mapquest.com,Female,Jeep
Niles,Blooman,nbloomangq@mail.ru,Male,Audi
Andi,Peacham,apeachamgr@nbcnews.com,Female,Kia
Glynis,Dizlie,gdizliegs@domainmarket.com,Female,Dodge
Marguerite,Wickstead,mwicksteadgt@toplist.cz,Female,Acura
Allie,Belamy,abelamygu@aol.com,Male,Honda
Dotty,Dagworthy,ddagworthygv@spiegel.de,Female,Chevrolet
Willabella,Andrasch,wandraschgw@comcast.net,Female,Mazda
Kellen,Glassard,kglassardgx@privacy.gov.au,Female,Saturn
Brent,Redfield,bredfieldgy@gov.uk,Male,Ford
Tedmund,Leet,tleetgz@geocities.jp,Male,GMC
Cammie,Gladding,cgladdingh0@timesonline.co.uk,Female,Mazda
Hamlin,Paskell,hpaskellh1@who.int,Male,Toyota
Gonzales,Farquharson,gfarquharsonh2@theatlantic.com,Male,BMW
Belia,Cordon,bcordonh3@simplemachines.org,Female,Audi
Mickie,Tortis,mtortish4@springer.com,Male,Mitsubishi
Fernanda,Dudson,fdudsonh5@istockphoto.com,Female,Mercedes-Benz
Tilly,Bound,tboundh6@netscape.com,Female,Porsche
Corrianne,Reckus,creckush7@mlb.com,Female,Honda
Winonah,Edeson,wedesonh8@tuttocitta.it,Female,Mitsubishi
Virgil,Gaythwaite,vgaythwaiteh9@nih.gov,Male,Nissan
Vinny,Trevan,vtrevanha@bizjournals.com,Male,Mazda
Parsifal,Lamshead,plamsheadhb@state.tx.us,Male,Buick
Stephenie,Shinn,sshinnhc@oracle.com,Female,Volkswagen
Kelwin,Board,kboardhd@marriott.com,Male,Nissan
Forbes,Peters,fpetershe@economist.com,Male,Mercedes-Benz
Ephrayim,Novello,enovellohf@cdc.gov,Male,Ford
Nobe,Cadamy,ncadamyhg@nationalgeographic.com,Male,Chevrolet
Ferdinande,Cogan,fcoganhh@businessinsider.com,Female,Mercedes-Benz
Cletus,Twinterman,ctwintermanhi@phpbb.com,Male,Mazda
Devlin,Middler,dmiddlerhj@nhs.uk,Male,Ram
Karisa,Bankhurst,kbankhursthk@usgs.gov,Female,Acura
Forrester,Capitano,fcapitanohl@businessweek.com,Male,Ford
Sybyl,Butterwick,sbutterwickhm@usda.gov,Female,Volvo
Karon,Byrth,kbyrthhn@mozilla.org,Female,BMW
Thorndike,O'Dowd,todowdho@narod.ru,Male,Toyota
Mannie,Thredder,mthredderhp@xing.com,Male,Mazda
Al,Fogg,afogghq@google.com,Male,GMC
Ronna,Jeggo,rjeggohr@marriott.com,Female,Dodge
Georgiana,Tomsa,gtomsahs@sciencedirect.com,Female,Pontiac
Tan,Coch,tcochht@umn.edu,Male,Plymouth
Emanuele,Maude,emaudehu@indiegogo.com,Male,Porsche
Jacklin,Gahan,jgahanhv@smh.com.au,Female,Isuzu
Shannan,Grey,sgreyhw@live.com,Male,Buick
Putnem,Twitchings,ptwitchingshx@ask.com,Male,Hyundai
Karyl,Bercevelo,kbercevelohy@nih.gov,Female,Chevrolet
Riane,Rutt,rrutthz@live.com,Female,Infiniti
Lazarus,Gringley,lgringleyi0@cocolog-nifty.com,Male,Nissan
Regen,Pitkeathley,rpitkeathleyi1@free.fr,Male,Ford
Arleen,Whorf,awhorfi2@surveymonkey.com,Female,GMC
Erl,McAuslan,emcauslani3@pagesperso-orange.fr,Male,Land Rover
Rosalind,Robbins,rrobbinsi4@mozilla.org,Female,Jeep
Noelani,Shrubb,nshrubbi5@xrea.com,Female,GMC
Eugenia,Huban,ehubani6@privacy.gov.au,Female,Mercury
Vannie,Ruddin,vruddini7@ovh.net,Female,Geo
Thorpe,Adamthwaite,tadamthwaitei8@netvibes.com,Male,Isuzu
Harwell,Sulman,hsulmani9@deliciousdays.com,Male,Volkswagen
Brooks,Swaffer,bswafferia@hhs.gov,Male,Dodge
Shem,Smyth,ssmythib@plala.or.jp,Male,Dodge
Nathaniel,Bottom,nbottomic@salon.com,Male,Toyota
Sloan,Faragan,sfaraganid@scientificamerican.com,Male,Acura
Elsbeth,Suller,esullerie@nationalgeographic.com,Female,Ford
Enrique,Lutty,eluttyif@hubpages.com,Male,Dodge
Rorie,Baggalley,rbaggalleyig@geocities.jp,Female,Mazda
Kessiah,Drinkel,kdrinkelih@seesaa.net,Female,Volvo
Blanca,Malinson,bmalinsonii@google.com.hk,Female,GMC
Bruno,Lemmers,blemmersij@weibo.com,Male,Nissan
Lyman,Jeromson,ljeromsonik@yellowbook.com,Male,Suzuki
Brandi,Arnefield,barnefieldil@themeforest.net,Female,Honda
Kailey,Lymbourne,klymbourneim@mozilla.org,Female,Buick
Marlowe,Gaskill,mgaskillin@dmoz.org,Male,Porsche
Adelheid,Jovicevic,ajovicevicio@usatoday.com,Female,Pontiac
Martelle,Prazer,mprazerip@springer.com,Female,Toyota
Trix,Schutter,tschutteriq@disqus.com,Female,Mazda
Ahmad,O'Flaverty,aoflavertyir@rakuten.co.jp,Male,Suzuki
Duky,Melanaphy,dmelanaphyis@histats.com,Male,Ford
Lawry,Skitt,lskittit@microsoft.com,Male,GMC
Kailey,Buckbee,kbuckbeeiu@paginegialle.it,Female,GMC
Aidan,Ivan,aivaniv@fastcompany.com,Female,Toyota
Sampson,Comber,scomberiw@cbsnews.com,Male,Chevrolet
Harriette,MacCumeskey,hmaccumeskeyix@opera.com,Female,Mitsubishi
Denny,Dillway,ddillwayiy@furl.net,Male,Mercury
Daveta,Tolcher,dtolcheriz@sun.com,Female,Lincoln
Sheba,Kohtler,skohtlerj0@miitbeian.gov.cn,Female,Volkswagen
Rockey,Bullier,rbullierj1@ustream.tv,Male,Suzuki
Lorrin,Hendrichs,lhendrichsj2@wufoo.com,Female,Chevrolet
Saul,Giovanizio,sgiovanizioj3@i2i.jp,Male,Porsche
Lyn,Battleson,lbattlesonj4@trellian.com,Male,Chevrolet
Atlante,Melson,amelsonj5@bloglovin.com,Female,GMC
Ogdan,Rablan,orablanj6@comcast.net,Male,Suzuki
Micheline,Nesbeth,mnesbethj7@washington.edu,Female,Ford
Layne,Eles,lelesj8@theglobeandmail.com,Female,Volkswagen
Celesta,Christofor,cchristoforj9@addtoany.com,Female,Toyota
Flor,Cripin,fcripinja@pbs.org,Female,Pontiac
Joyous,Strickland,jstricklandjb@ezinearticles.com,Female,Chrysler
Steffi,Jopling,sjoplingjc@xing.com,Female,Honda
Julienne,Lomaz,jlomazjd@lycos.com,Female,Oldsmobile
Darn,Elby,delbyje@technorati.com,Male,Chevrolet
Swen,Yukhnini,syukhninijf@slashdot.org,Male,Lexus
Brockie,Bravery,bbraveryjg@google.fr,Male,Toyota
Guthry,Banbrigge,gbanbriggejh@sohu.com,Male,GMC
Theodore,Davisson,tdavissonji@youku.com,Male,Audi
Lorianne,Nizet,lnizetjj@1688.com,Female,Jeep
Hobard,Langstaff,hlangstaffjk@naver.com,Male,Subaru
Cly,Klageman,cklagemanjl@hibu.com,Male,Saab
Sonnnie,Belverstone,sbelverstonejm@xinhuanet.com,Female,Honda
Zachary,Challiss,zchallissjn@tuttocitta.it,Male,Toyota
Nicolis,Norris,nnorrisjo@photobucket.com,Male,Chevrolet
Imojean,Domerc,idomercjp@bing.com,Female,Toyota
Cesya,O'Hartnedy,cohartnedyjq@deliciousdays.com,Female,Pontiac
Benton,Boss,bbossjr@tmall.com,Male,Chevrolet
Lothario,Gribbins,lgribbinsjs@miitbeian.gov.cn,Male,Acura
Koral,Drable,kdrablejt@reverbnation.com,Female,Ford
Flor,Spatari,fspatariju@oaic.gov.au,Female,Dodge
Gerard,Skoof,gskoofjv@sourceforge.net,Male,Mercury
Emelda,Crosby,ecrosbyjw@over-blog.com,Female,Chevrolet
Terrill,Sloam,tsloamjx@msn.com,Male,Jaguar
Archibald,Mynett,amynettjy@washington.edu,Male,Ford
Adi,Nudd,anuddjz@drupal.org,Female,GMC
Guglielma,Revan,grevank0@ca.gov,Female,Daewoo
Stefa,Finnis,sfinnisk1@ifeng.com,Female,Mercury
Flora,Threlkeld,fthrelkeldk2@example.com,Female,Suzuki
Jeffry,McNeachtain,jmcneachtaink3@goo.gl,Male,Oldsmobile
Ellwood,Clutton,ecluttonk4@sphinn.com,Male,GMC
Amalia,Wasielewicz,awasielewiczk5@cbslocal.com,Female,Mercury
Olivie,Lorincz,olorinczk6@instagram.com,Female,Mitsubishi
Jami,Caro,jcarok7@lulu.com,Female,Mazda
Lammond,Mattioni,lmattionik8@squidoo.com,Male,Suzuki
Yance,Snelgar,ysnelgark9@smh.com.au,Male,Daewoo
Jaquith,Stennings,jstenningska@hud.gov,Female,Mazda
Lewie,Nisen,lnisenkb@ning.com,Male,Lincoln
Sidoney,Tidmarsh,stidmarshkc@bloglovin.com,Female,Plymouth
Lezley,Have,lhavekd@census.gov,Male,Saturn
Sharleen,Adamiak,sadamiakke@purevolume.com,Female,Mercedes-Benz
Hilary,McCurtin,hmccurtinkf@blogger.com,Male,Hyundai
Keven,Simonitto,ksimonittokg@bluehost.com,Male,Toyota
Basile,Tulk,btulkkh@rambler.ru,Male,Honda
Blondy,Caren,bcarenki@senate.gov,Female,Mazda
Sydelle,Nolleth,snollethkj@mysql.com,Female,Chrysler
Jody,Muggach,jmuggachkk@archive.org,Male,Aston Martin
Arlene,Borrie,aborriekl@upenn.edu,Female,Mercedes-Benz
Sheela,Heathwood,sheathwoodkm@salon.com,Female,Pontiac
Davy,Richings,drichingskn@howstuffworks.com,Male,Ford
Loree,Renison,lrenisonko@yahoo.co.jp,Female,Acura
Glory,Thring,gthringkp@people.com.cn,Female,Porsche
Lacy,Truter,ltruterkq@ocn.ne.jp,Female,Mitsubishi
Kinny,Lorden,klordenkr@google.com.hk,Male,Mitsubishi
Stanwood,Winterscale,swinterscaleks@wsj.com,Male,Chevrolet
Bettye,Dyet,bdyetkt@com.com,Female,Lexus
Kin,Shyre,kshyreku@sciencedaily.com,Male,Lamborghini
Charlot,Mattioli,cmattiolikv@free.fr,Female,Plymouth
Nicolette,Cartmell,ncartmellkw@slate.com,Female,Isuzu
Clarine,Yokelman,cyokelmankx@oakley.com,Female,BMW
Mano,Valentetti,mvalentettiky@de.vu,Male,Volvo
Hatti,Tappington,htappingtonkz@friendfeed.com,Female,Toyota
Mitchael,Dudin,mdudinl0@fotki.com,Male,Lamborghini
Leland,Greggs,lgreggsl1@webs.com,Female,Chevrolet
Robb,Rasmus,rrasmusl2@cocolog-nifty.com,Male,Plymouth
Belva,Middlemass,bmiddlemassl3@bloglines.com,Female,Cadillac
Northrup,Stennings,nstenningsl4@amazonaws.com,Male,Ford
Creigh,Roggieri,croggieril5@cmu.edu,Male,Plymouth
Revkah,Greenstock,rgreenstockl6@histats.com,Female,Saturn
Lenard,Amberson,lambersonl7@berkeley.edu,Male,Ferrari
Ulrika,Butterly,ubutterlyl8@angelfire.com,Female,Subaru
Krystle,Colwill,kcolwilll9@trellian.com,Female,Ram
Cazzie,Quiddington,cquiddingtonla@google.com.hk,Male,GMC
Freddy,Laurent,flaurentlb@sitemeter.com,Female,Audi
Maurizio,Kinavan,mkinavanlc@fastcompany.com,Male,Chevrolet
Georgine,Crockatt,gcrockattld@auda.org.au,Female,Porsche
Lorinda,MacKellar,lmackellarle@pbs.org,Female,Lincoln
Miller,Benedito,mbeneditolf@nationalgeographic.com,Male,Rolls-Royce
Holli,Corbould,hcorbouldlg@histats.com,Female,Toyota
Corny,Kennea,ckennealh@lulu.com,Male,Lotus
Georgina,Brownjohn,gbrownjohnli@businesswire.com,Female,Dodge
Tova,Saill,tsailllj@fema.gov,Female,Toyota
Valina,McDugal,vmcdugallk@hibu.com,Female,Acura
Leonard,Burner,lburnerll@mit.edu,Male,Volvo
Kile,Durdle,kdurdlelm@live.com,Male,Cadillac
Orrin,Airy,oairyln@stanford.edu,Male,Ford
Caro,Jaukovic,cjaukoviclo@loc.gov,Female,Chevrolet
Hastings,Gymlett,hgymlettlp@hc360.com,Male,Pontiac
Audrey,Wernher,awernherlq@scribd.com,Female,Plymouth
Elwyn,Trinder,etrinderlr@nyu.edu,Male,Chrysler
Benetta,Tomkin,btomkinls@mapquest.com,Female,GMC
Carmelita,Curd,ccurdlt@barnesandnoble.com,Female,Plymouth
Angel,Heavens,aheavenslu@netscape.com,Male,Ford
Abramo,Van den Bosch,avandenboschlv@bloglovin.com,Male,Infiniti
Alexina,Arens,aarenslw@smh.com.au,Female,Daewoo
Flemming,Mauser,fmauserlx@shareasale.com,Male,Ford
Shannon,Filipic,sfilipicly@wikimedia.org,Male,Mercury
Crissy,Rudloff,crudlofflz@ftc.gov,Female,Acura
Christy,Sporrij,csporrijm0@howstuffworks.com,Male,Ford
Emlen,Plomer,eplomerm1@accuweather.com,Male,Subaru
Red,Bing,rbingm2@marriott.com,Male,Dodge
Obie,Mattiassi,omattiassim3@icio.us,Male,Ford
Udale,Sammonds,usammondsm4@google.it,Male,Geo
Billye,Le Marchand,blemarchandm5@sohu.com,Female,Saab
Brew,Kreutzer,bkreutzerm6@wordpress.com,Male,Hyundai
Shel,Bartolommeo,sbartolommeom7@usa.gov,Female,Ford
Moria,Scrogges,mscroggesm8@yellowbook.com,Female,Buick
Elwyn,Durtnal,edurtnalm9@stumbleupon.com,Male,Chrysler
Leda,Gibbard,lgibbardma@about.com,Female,Volkswagen
Faith,Willshaw,fwillshawmb@abc.net.au,Female,Chevrolet
Artemis,Sousa,asousamc@unc.edu,Male,Toyota
Ethelda,Pilipyak,epilipyakmd@un.org,Female,BMW
Taber,Scollick,tscollickme@liveinternet.ru,Male,Kia
Leopold,Mc Gee,lmcgeemf@imageshack.us,Male,Volkswagen
Starr,Wisniewski,swisniewskimg@twitpic.com,Female,Chevrolet
Rycca,Rummer,rrummermh@thetimes.co.uk,Female,Toyota
Ripley,Nund,rnundmi@fda.gov,Male,Volkswagen
Jerry,Fines,jfinesmj@blogs.com,Female,Ford
Angel,Dillon,adillonmk@techcrunch.com,Male,Holden
Matty,Radbourn,mradbournml@opera.com,Male,Jeep
Howard,Hick,hhickmm@jimdo.com,Male,Nissan
Edgardo,Hanrott,ehanrottmn@seattletimes.com,Male,Volkswagen
Celinda,Bessey,cbesseymo@reverbnation.com,Female,Toyota
Sergio,Flobert,sflobertmp@hatena.ne.jp,Male,Chevrolet
Massimo,Crooke,mcrookemq@reference.com,Male,Mercedes-Benz
Georgina,Milbourne,gmilbournemr@omniture.com,Female,Mercury
Jolene,Wyrill,jwyrillms@weibo.com,Female,Honda
Orton,Leil,oleilmt@behance.net,Male,Mercedes-Benz
Eddy,Blueman,ebluemanmu@barnesandnoble.com,Male,Chevrolet
Corrie,Linck,clinckmv@creativecommons.org,Female,Jeep
Cassius,Kraft,ckraftmw@weibo.com,Male,Pontiac
Haley,O' Driscoll,hodriscollmx@i2i.jp,Female,Cadillac
Ardra,Rackley,arackleymy@mayoclinic.com,Female,Saturn
Sigismundo,Shivell,sshivellmz@google.ru,Male,GMC
Faustina,Clemens,fclemensn0@ustream.tv,Female,Ford
Stanfield,McCalum,smccalumn1@flickr.com,Male,Ford
Matty,Savatier,msavatiern2@shareasale.com,Female,Nissan
Kamilah,Peat,kpeatn3@prnewswire.com,Female,Plymouth
Zeb,Cherrett,zcherrettn4@tiny.cc,Male,Lexus
Harlan,Seabourne,hseabournen5@booking.com,Male,Saab
Elli,Abadam,eabadamn6@cmu.edu,Female,Oldsmobile
Cam,Basilone,cbasilonen7@usnews.com,Male,Pontiac
Zerk,McSperrin,zmcsperrinn8@si.edu,Male,Subaru
Felisha,Dyshart,fdyshartn9@twitpic.com,Female,Saturn
Nance,Sames,nsamesna@acquirethisname.com,Female,Honda
Raymund,Beagles,rbeaglesnb@istockphoto.com,Male,Mercedes-Benz
Torrie,Welburn,twelburnnc@eventbrite.com,Female,Lexus
Meryl,Lindsley,mlindsleynd@un.org,Female,Ford
Virgilio,Tarney,vtarneyne@squarespace.com,Male,Buick
Annaliese,Whalebelly,awhalebellynf@ning.com,Female,Hyundai
Miquela,Haibel,mhaibelng@printfriendly.com,Female,Mercedes-Benz
Kent,Graysmark,kgraysmarknh@ucoz.com,Male,Saab
Stanley,Messam,smessamni@privacy.gov.au,Male,Ford
Kimberley,McLennan,kmclennannj@addthis.com,Female,BMW
Serge,De Blasio,sdeblasionk@is.gd,Male,Bentley
Chip,Messer,cmessernl@usa.gov,Male,Audi
Nicolis,Pesterfield,npesterfieldnm@liveinternet.ru,Male,Mazda
Glen,Kennealy,gkennealynn@slideshare.net,Male,Mitsubishi
Mervin,Meharry,mmeharryno@china.com.cn,Male,GMC
Gary,Dowyer,gdowyernp@wikimedia.org,Male,Pontiac
Karmen,Lapworth,klapworthnq@mtv.com,Female,Dodge
Kimbell,Bevir,kbevirnr@ocn.ne.jp,Male,Volkswagen
Dorella,Rossbrook,drossbrookns@bloomberg.com,Female,Volvo
Eliot,Linnitt,elinnittnt@nyu.edu,Male,Mercedes-Benz
Ferdie,Giacomasso,fgiacomassonu@aboutads.info,Male,Scion
Eleen,Blakeston,eblakestonnv@baidu.com,Female,Honda
Dalenna,Coils,dcoilsnw@bluehost.com,Female,Volkswagen
Zondra,O'Carney,zocarneynx@arizona.edu,Female,Mercury
Brittani,Mateus,bmateusny@businessweek.com,Female,Lexus
Tiphanie,Stobbart,tstobbartnz@google.pl,Female,Chevrolet
Harriett,Goudman,hgoudmano0@hp.com,Female,Oldsmobile
Fannie,Spark,fsparko1@ning.com,Female,Toyota
Frederico,McLucky,fmcluckyo2@sogou.com,Male,Lincoln
Benjamin,Huncoot,bhuncooto3@reddit.com,Male,Lincoln
Oswell,Lown,olowno4@csmonitor.com,Male,Mercedes-Benz
Marquita,Aven,maveno5@vinaora.com,Female,Cadillac
Cristobal,Claige,cclaigeo6@squarespace.com,Male,Chevrolet
Jerry,Boteman,jbotemano7@aol.com,Male,Lexus
Tonia,Hawick,thawicko8@usatoday.com,Female,Acura
Ruddie,Dykes,rdykeso9@dailymail.co.uk,Male,Acura
Aarika,Lougheid,alougheidoa@cbsnews.com,Female,Chevrolet
Lauretta,Rutherford,lrutherfordob@skype.com,Female,GMC
Suzi,Baillie,sbaillieoc@netscape.com,Female,Ford
Diarmid,Gerrens,dgerrensod@ustream.tv,Male,Dodge
Delano,Stubbeley,dstubbeleyoe@bravesites.com,Male,Toyota
Perry,Hulke,phulkeof@nytimes.com,Female,Volkswagen
Jewel,Fabri,jfabriog@4shared.com,Female,Scion
Jeth,Eskrigge,jeskriggeoh@ycombinator.com,Male,Dodge
Meg,Showalter,mshowalteroi@chicagotribune.com,Female,Chrysler
Quent,Grinikhin,qgrinikhinoj@unc.edu,Male,Mazda
Avie,Berk,aberkok@adobe.com,Female,Mazda
Saree,Knudsen,sknudsenol@amazon.co.jp,Female,Nissan
Bamby,Laurentin,blaurentinom@tiny.cc,Female,Nissan
Katusha,McVitie,kmcvitieon@amazon.co.uk,Female,Suzuki
Charity,Spurr,cspurroo@loc.gov,Female,Ford
Arlette,Castiglio,acastiglioop@ustream.tv,Female,Chevrolet
Heda,Sandbatch,hsandbatchoq@gnu.org,Female,Mazda
Jenna,Diggar,jdiggaror@typepad.com,Female,Volkswagen
Skell,Cockson,scocksonos@hhs.gov,Male,Mercury
Bridget,Stamp,bstampot@unc.edu,Female,Mercedes-Benz
Packston,Mease,pmeaseou@fema.gov,Male,Dodge
Frederik,Winspire,fwinspireov@nature.com,Male,Toyota
Duane,Cousin,dcousinow@odnoklassniki.ru,Male,Chevrolet
Jeffy,Schaumaker,jschaumakerox@ucsd.edu,Male,Suzuki
Marylee,Dunstall,mdunstalloy@gravatar.com,Female,Jaguar
Thorpe,Cammoile,tcammoileoz@kickstarter.com,Male,Buick
Preston,Pacher,ppacherp0@bbb.org,Male,Hyundai
Hurleigh,Ferrick,hferrickp1@hugedomains.com,Male,Toyota
Rora,Bardwall,rbardwallp2@umich.edu,Female,Chevrolet
Berget,Albinson,balbinsonp3@wp.com,Female,Eagle
Jeremiah,Napleton,jnapletonp4@bing.com,Male,Bentley
Candy,Gerardi,cgerardip5@barnesandnoble.com,Female,Mazda
Cher,Notton,cnottonp6@cnn.com,Female,Volkswagen
Reynard,Skeldinge,rskeldingep7@merriam-webster.com,Male,BMW
Dylan,Isard,disardp8@histats.com,Male,Saab
Joete,Geroldi,jgeroldip9@cdbaby.com,Female,Scion
Orbadiah,Rosin,orosinpa@cornell.edu,Male,Volkswagen
Madel,Fossey,mfosseypb@simplemachines.org,Female,Ford
Mic,Hyne,mhynepc@independent.co.uk,Male,Lotus
Florina,Rucklesse,frucklessepd@utexas.edu,Female,Ford
Bengt,Rickarsey,brickarseype@mit.edu,Male,Cadillac
Maren,Ackermann,mackermannpf@soundcloud.com,Female,Mercedes-Benz
Randi,Holhouse,rholhousepg@icq.com,Female,Toyota
Karia,Kave,kkaveph@cbc.ca,Female,GMC
Niels,Ridding,nriddingpi@tinyurl.com,Male,Saturn
Shurlock,Planque,splanquepj@naver.com,Male,Porsche
Erinn,Trowbridge,etrowbridgepk@telegraph.co.uk,Female,Dodge
Charlean,Bosse,cbossepl@soundcloud.com,Female,Infiniti
Gage,Hext,ghextpm@exblog.jp,Male,Honda
Brett,Chetwin,bchetwinpn@cafepress.com,Female,Kia
Lari,Bromet,lbrometpo@a8.net,Female,GMC
Batsheva,Shortcliffe,bshortcliffepp@netscape.com,Female,Toyota
Gerhardine,Swadden,gswaddenpq@ow.ly,Female,Mercury
Cindelyn,Janovsky,cjanovskypr@cornell.edu,Female,Pontiac
Carolina,Jeannenet,cjeannenetps@privacy.gov.au,Female,Hyundai
Joey,Kelsall,jkelsallpt@purevolume.com,Male,Ford
Ervin,Pedrielli,epedriellipu@hc360.com,Male,Chevrolet
Violet,Fley,vfleypv@ebay.co.uk,Female,Ford
Roderick,Millott,rmillottpw@behance.net,Male,BMW
Prescott,Petett,ppetettpx@topsy.com,Male,Acura
Christy,Pretious,cpretiouspy@shinystat.com,Female,GMC
Sybil,Darrach,sdarrachpz@clickbank.net,Female,Acura
Robin,Gresty,rgrestyq0@homestead.com,Male,Chevrolet
Aime,Yardley,ayardleyq1@freewebs.com,Female,Chevrolet
Blair,MacNeilage,bmacneilageq2@gravatar.com,Female,Chevrolet
Hieronymus,Pearse,hpearseq3@addthis.com,Male,Ford
Dino,Ronaghan,dronaghanq4@deviantart.com,Male,Audi
Claiborne,Labro,clabroq5@whitehouse.gov,Male,Ford
Aigneis,Beceril,abecerilq6@indiatimes.com,Female,Toyota
Olivia,Jorn,ojornq7@webs.com,Female,Mercury
Jeremy,Fursse,jfursseq8@sbwire.com,Male,Jeep
Jan,Tickel,jtickelq9@loc.gov,Female,BMW
Goraud,Spillard,gspillardqa@freewebs.com,Male,Ford
Romola,Gabites,rgabitesqb@newsvine.com,Female,Nissan
Bondy,McIlwraith,bmcilwraithqc@exblog.jp,Male,Volkswagen
Guillermo,Dufour,gdufourqd@amazonaws.com,Male,Rolls-Royce
Arlee,Foresight,aforesightqe@ow.ly,Female,Hummer
Christian,Monni,cmonniqf@topsy.com,Female,Volkswagen
Harrison,Werny,hwernyqg@addthis.com,Male,Chevrolet
Dari,Abrahart,dabrahartqh@sbwire.com,Female,Volvo
Benjie,Kellard,bkellardqi@cnn.com,Male,Bentley
Borden,Roskell,broskellqj@businessinsider.com,Male,Mitsubishi
Orella,Lyptrade,olyptradeqk@weebly.com,Female,Ford
Willyt,O'Bradden,wobraddenql@adobe.com,Female,Honda
Morgun,Fannin,mfanninqm@dedecms.com,Male,Mazda
Aurelia,Tures,aturesqn@sogou.com,Female,Mercedes-Benz
Albie,Ayrs,aayrsqo@toplist.cz,Male,Mitsubishi
Vidovik,Dullingham,vdullinghamqp@yolasite.com,Male,Mercedes-Benz
Beatrice,Viles,bvilesqq@cam.ac.uk,Female,Toyota
Cad,Soro,csoroqr@earthlink.net,Male,Subaru
Finn,Tomasi,ftomasiqs@mediafire.com,Male,Saab
Erminia,Gilchrist,egilchristqt@printfriendly.com,Female,Ford
Chery,Dochon,cdochonqu@epa.gov,Female,Jaguar
Murial,Penddreth,mpenddrethqv@yandex.ru,Female,Lexus
Halimeda,Donaldson,hdonaldsonqw@icq.com,Female,Nissan
Odille,Goldring,ogoldringqx@godaddy.com,Female,Hyundai
Adolph,Fothergill,afothergillqy@tmall.com,Male,Hummer
Britteny,Dungey,bdungeyqz@bbc.co.uk,Female,Oldsmobile
Helenka,Upstone,hupstoner0@latimes.com,Female,Buick
Eliza,De Winton,edewintonr1@instagram.com,Female,Isuzu
Joanne,Reyner,jreynerr2@ifeng.com,Female,Jaguar
Dari,Slate,dslater3@skype.com,Female,Pontiac
Bond,Whistlecraft,bwhistlecraftr4@imgur.com,Male,Ford
Donalt,Corking,dcorkingr5@hhs.gov,Male,Saturn
Sebastiano,Goodley,sgoodleyr6@blogs.com,Male,GMC
Robinet,Brislawn,rbrislawnr7@wunderground.com,Male,Toyota
Gaven,Heustice,gheusticer8@gov.uk,Male,Maserati
Langston,Roser,lroserr9@ox.ac.uk,Male,Honda
Gerry,Babbe,gbabbera@nbcnews.com,Male,Acura
Richardo,Massot,rmassotrb@wix.com,Male,Mitsubishi
Cathy,Verrier,cverrierrc@nydailynews.com,Female,GMC
Rossy,Carlo,rcarlord@topsy.com,Male,Land Rover
Felice,Jovis,fjovisre@ow.ly,Male,Mercury
Marillin,Vodden,mvoddenrf@myspace.com,Female,Mercury
Dexter,Bishell,dbishellrg@t.co,Male,Mitsubishi
Godfrey,Rapper,grapperrh@shutterfly.com,Male,Chevrolet
Cass,Torricina,ctorricinari@hibu.com,Female,Honda
Starlene,Picknett,spicknettrj@microsoft.com,Female,Bentley
Martyn,Pohl,mpohlrk@statcounter.com,Male,Ford
Clarita,Norcutt,cnorcuttrl@shutterfly.com,Female,Ford
Lauree,Kenaway,lkenawayrm@drupal.org,Female,Ford
Clare,Freshwater,cfreshwaterrn@fema.gov,Female,Nissan
Viole,Letrange,vletrangero@hao123.com,Female,Chevrolet
Tim,Colvill,tcolvillrp@storify.com,Female,GMC
Benny,Wafer,bwaferrq@tinypic.com,Female,Citron
Addia,Sedgebeer,asedgebeerrr@gov.uk,Female,Lexus
